{"train/loss": 0.22110500931739807, "train/acc": 0.925884485244751, "train/mIoU": 0.4043334126472473, "epoch": 3, "trainer/global_step": 3149, "_runtime": 1993, "_timestamp": 1636441120, "_step": 68, "val/loss": 0.37400126457214355, "val/acc": 0.8659008741378784, "val/mIoU": 0.20519216358661652, "val/epoch_loss": 0.37400126457214355, "val/epoch_acc": 0.8659007549285889, "val/epoch_mIoU": 0.2051921784877777, "train/epoch_loss": 0.268274188041687, "train/epoch_acc": 0.914391279220581, "train/epoch_mIoU": 0.3000820279121399}